word,translation,toeic_target,sentence,trans_s
ability,n. ?????  ,??, She has the ability to solve complex problems quickly.,?????????????
agreement,n. ????????  ,??, 1. They signed a trade agreement between the two countries.  2. We reached an agreement on the project deadline.  3. Her story was in agreement with the witness's account.,1. ??????????????? 2. ???????????? 3. ?????????????
enjoyment,n. ??  ,??, She gets a lot of enjoyment from playing the piano.,?????????????
glove(s),n. ??,??,She put on her gloves before cleaning the house.,????????????
goddess,n. ??  ,??," In Greek mythology, Athena is the goddess of wisdom.",????????????????
media,n. ??  ,??, The media plays an important role in shaping public opinion,???????????????
mine,n. ???? v. ??  ,??, 1. The workers went deep underground to work in the mine.  2. They mine coal in this region.,1. ????????????? 2. ???????????
online,adj. ??? adv. ???  ,??, 1. Many people shop using online stores nowadays.  2. She is online and available to chat.,1. ?????????????? 2. ?????????
payment,n. ?????  ,??, The payment was made by credit card.,???????????
photograph,n. ??,??,He took a photograph of the sunset.,???????????
photo,v. ??,??,Can you take a photo of me?,?????????
sore,adj. ??? n. ?????????  ,??," 1. After running, my legs felt sore.  2. He has a sore on his arm that won’t heal.",1. ???????????? 2. ???????????????
stair,n. ??,??,She ran up the stairs quickly.,????????
taxi/taxicab/cab,n. ???,??,I took a taxi to the airport.,?????????
treatment,n. ?????????  ,??, 1. The treatment of waste is important for the environment.  2. She was given special treatment at the hotel.  3. The patient received treatment for the infection.,1. ????????????? 2. ??????????? 3. ?????????
absence,n. ?????  ,??, 1. Her absence from the meeting was noticed by everyone  2. The absence of evidence made it hard to solve the case.,1. ???????????? 2.?????????????
account,n. ????? v. ?????  ,??, 1. I opened a bank account last week. 2. He gave a detailed account of what happened.,1. ????????????2. ????????????
actual,adj. ???  ,??, The movie is based on actual events.,???????????????
addition,n. ????????  ,??, 1. The new employee is a great addition to our team.  2. They built an addition to the house for extra space.  3. She’s learning addition and subtraction in math class.,1. ?????????????? 2. ?????????????? 3. ?????????????
admit,v. ??????????  ,??, 1. He admitted that he made a mistake.  2. Only employees are admitted beyond this point.  3. They admitted him to the hospital last night.,1. ????????? 2. ????????????? 3. ????????????
advance,n. ???????? v. ?????  ,??, 1. The soldiers advanced toward the enemy base.   2. There have been major advances in medical technology.  3. We need to make an advance booking for the hotel.  4. He received an advance on his salary.,1. ??????????  2. ???????????? 3. ??????????? 4. ????????
affair,n. ??????(??????)?????  ,??, 1. He always tries to keep his personal affairs private.  2. The president promised not to interfere in foreign affairs.  3. He had an affair with his coworker.  4. The wedding was a grand affair.,1. ?????????????? 2. ???????????? 3. ???????? 4. ???????
aid,n. ?????? v. ??  ,??, 1. The country sent food aid to the disaster victims.  2. Hearing aids help people with hearing loss.  3. The organization aids refugees by providing shelter and medical care.,1. ???????????? 2. ???????????? 3. ????????????????????
aircraft,n. ??????  ,??, The aircraft took off smoothly despite the bad weather.,???????????????
anytime,adv. ????   ,??, You can call me anytime if you need help,????????????????
anyway,adv. ????  ,??," 1. Anyway, let’s finish the work first.  2. It’s raining, but I’ll go out anyway.",1. ?????????? 2. ????????????
anywhere/anyplace,adv. ?????  ,??, 1. I can go anywhere you want.,1. ?????????????
ape,n. ??? v.??,??,1.The ape climbed the tree quickly. 2.He tried to ape his boss’s behavior.,1. ????????2. ???????????
appearance,n. ????????  ,??, 1. Her appearance changed a lot after the haircut.  2. The sudden appearance of the cat startled me.,1. ??????????? 2. ???????????
appetite,n.?????  ,??, 1. He has a big appetite and can eat a lot.  2. Stress can sometimes reduce your appetite.,1. ??????????? 2. ????????????
apply,v. ????????  ,??, 1. She applied for a job at the company.  2. You can apply this method to solve other problems.  3. Apply the cream to your skin twice a day.,1. ?????????? 2. ????????????????? 3. ?????????
approach,n. ?? v. ?????  ,??," 1. We need a new approach to solve this problem.  2. As we approached the station, it started to rain.",1. ?????????????????? 2. ??????????????
argument,n. ????????  ,??, 1. They had an argument about money last night.  2. Her main argument was that the law is unfair.,1. ??????????? 2. ?????????????
arrangement,n. ???????????  ,??, 1. She made all the travel arrangements for the trip.  2. The flower arrangement on the table is beautiful.  3. We had an arrangement to meet at 7 p.m.,1. ??????????? 2. ??????????? 3. ???????????
arrival,n. ???(?????)??  ,??, 1. Our arrival at the hotel was delayed by traffic.  2. The arrival of spring brought warmer weather.,1. ???????????? 2. ??????????????
arrow,n. ?,??,Follow the arrow to find the exit.,????????????
article,n. ?????  ,??, 1. I read an interesting article about space travel.  2. “The” is a definite article.,1. ????????????????? 2. ?The??????
attempt,n./v. ?????  ,??, 1. His attempt to break the record failed.  2. She attempted to lift the heavy box by herself.,1. ?????????? 2. ?????????????
attend,v. ?????  ,??, 1. She will attend the meeting tomorrow morning.  2. The nurse attended the patient all night.,1. ??????????? 2. ?????????
author,n. ?????? v. ?????  ,??, 1. J.K. Rowling is the author of the Harry Potter series.  2. He was the author of the new company policy.  3.  She authored several best-selling novels,1. J.K. ??????????????? 2. ???????????? 3. ?????????
average,adj. ??????? n. ?????? v. ???...????  ,??," 1. He’s just an average student, not particularly good or bad.  2. The average of 80, 90, and 100 is 90.  3. She averages 8 hours of sleep per night.",1. ?????????????????? 2. 80?90 ? 100 ????? 90? 3. ??????8???
backward,adv. ??? adj. ???????  ,??, 1. He took a step backward to avoid the falling object.  2. The company experienced backward movement in sales last quarter.  3. The region is still backward in terms of technology.,1. ???????????????? 2. ??????????? 3. ?????????????
balance,n. ???????? v. ??  ,??, 1. She lost her balance and fell.  2. I checked my bank account balance online.  3. He balanced the books to avoid mistakes.,1. ????????? 2. ????????????? 3. ???????????
bar,n. ??????? v. ?????  ,??, 1. He ate a chocolate bar.  2. We met at a bar for drinks after work.  3. The fence acted as a bar to keep people out.,1. ?????????? 2. ??????????? 3. ??????????????
basics,n. ???????  ,??," 1. Before advanced lessons, you need to understand the basics.  2. The class covers the basics of computer programming.",1. ????????????????? 2. ????????????????
basis,n. ????????  ,??, 1. Trust is the basis of a good relationship.  2. Decisions were made on the basis of available data.,1. ??????????? 2. ?????????????
battle,n. ???????? v. ?...??  ,??, 1. The soldiers fought bravely in the battle.  2. The two companies are in a battle for market share.  3. She is battling a serious illness.,1. ???????????? 2. ????????????????? 3. ???????????
beg,v. ?????  ,??, 1. He begged her to stay.  2. The homeless man begged for money on the street.,1. ??????? 2. ?????????????
being,n. ?????  ,??, 1. Human beings have the ability to think  2. Aliens are fictional beings in many movies.,1. ???????? 2.?????????????????
belief,n. ????????  ,??, 1. Her belief in honesty is very strong.  2. There is a common belief that exercise improves health.,1. ???????????? 2. ????????????
bend,v. ??? n. ???  ,??, 1. Be careful not to bend the metal rod.  2. The car slowed down as it approached the bend in the road.,1. ?????????? 2. ???????????
better,adj. ??? adv. ???????? n. ????? v. ??  ,??, 1. This restaurant has better food than the one we went to last week.  2. He knows better than to lie.  3. She is trying to better her English skills.,1. ???????????????????? 2. ???????? 3. ???????????????
billion,n. ?????  ,??, 1. The company is worth over five billion dollars.,1. ?????????????
birth,n. ????????  ,??, 1. The baby’s birth was a joyful event for the family.  2. She gave birth to a healthy baby last night.  3. The birth of the Internet changed the world.,1. ?????????????????? 2. ????????????? 3. ?????????????
biscuit,n. ???(??)???(??),??,She bought a pack of chocolate biscuits.,???????????
bit,n. ???????? v. ?   ,??, 1. Can you give me a bit of sugar?  2. I only saw a bit of the movie.  3. The dog bit the mailman.,1. ????????? 2. ???????????? 3. ??????
border,n. ???????? v. ?...?????  ,??, 1. The river forms the border between the two countries.  2. There is a decorative border around the picture frame.  3. Canada borders the United States to the south.,1. ??????????? 2. ?????????? 3. ?????????
brain,n. ?????  ,??, 1. The brain controls all the functions of the body.  2. She is the brain behind the successful project.,1. ???????????? 2. ??????????????
brand,n. ????? v.  ????...???  ,??," 1. Nike is a well-known sports brand.  2. In the past, criminals were branded as punishment.  3. He was branded a liar after the scandal.",1. Nike ??????????? 2. ?????????????? 3. ??????????????
brief,adj. ??? n. ????? v. ?...????  ,??, 1. We had a brief conversation before the meeting started.  2. The lawyer gave the judge a written brief.  3. The manager briefed the team on the new project.,1. ???????????????? 2. ???????????? 3. ????????????
brilliant,adj. ???????  ,??, 1. The stars looked brilliant in the night sky.  2. She's a brilliant scientist with many important discoveries.,1. ???????????? 2. ??????????????????????
burden,n. ????? v. ?...???  ,??, 1. Taking care of his sick parents is a heavy burden for him.  2. I don’t want to burden you with my problems.,1. ?????????????????? 2. ??????????????
camel,n. ??,??,The camel can survive in the desert for a long time.,?????????????
capital,n. ?????????? adj. ?????????????  ,??, 1. Paris is the capital of France.  2. Please write your name in capital letters.  3. He invested a large amount of capital in his new business.  4. Education is of capital importance to a country's future.,1. ????????? 2. ??????????? 3. ?????????????? 4. ?????????????
cell,n. ????????  ,??, 1. The prisoner was locked in a small cell for the night.  2. The human body is made up of trillions of cells.  3. The flashlight needs two AA cells to work.,1. ????????????? 2. ??????????? 3. ???????AA???????
chain,n. ???????????? v. ?????  ,??, 1. He wore a gold chain around his neck.  2. This is a popular fast-food chain with stores all over the world.  3. The accident caused a chain of delays on the highway.  4. He chained his bike to the post.,1. ???????????? 2. ?????????????????????? 3. ????????????? 4. ???????????
challenge,n. ?? v. ?...?????  ,??, 1. Climbing the mountain was a real challenge for him.  2. She challenged him to a game of chess.  3. He challenged the decision made by the manager.,1. ????????????? 2. ?????????? 3. ?????????
chapter,n. ?????????  ,??, 1. I just finished reading Chapter 5 of the novel.  2. Moving to a new city was an exciting chapter in her life.,1. ??????????? 2. ??????????????????
chemical,adj. ??? n. ????  ,??, 1. The factory was shut down due to a chemical leak.  2. Some cleaning products contain harmful chemicals.,1. ???????????? 2. ???????????????
chief,adj. ??????? n. ??  ,??, 1. His chief reason for quitting was the long working hours.  2. The chief of the tribe welcomed the visitors warmly.,1. ???????????????? 2. ????????????
china,n. ??  ,??, She collects antique china from the 18th century.,???18????????
chopstick(s),n. ??,??,She dropped her chopsticks on the floor.,?????????
claim,n./v. ????????  ,??, 1. He claims that he was not at the scene of the accident.  2.The company made a claim for insurance.  3. She claimed compensation for the damaged goods.,1. ???????????? 2. ????????? 3. ??????????
classic,adj. ??? n. ????  ,??, 1. This novel is a classic example of 19th-century literature  2. Pride and Prejudice” is considered a classic in English literature.,1. ?????19????????? 2.?????????????????
click,v. ?? n. ???  ,??, 1. Click the button to start the game.  2. He heard a click as the door locked.,1. ????????? 2. ???????????
cloth,n. ?????  ,??, She wiped the table with a clean cloth.,???????????
clothing,n. ??????  ,??, The organization provided food and clothing for the victims.,???????????????
coal,n. ??,??,Coal is used as a source of energy.,??????????
cockroach/roach,n. ??,??,I saw a cockroach in the kitchen last night.,?????????????
cocoa,n. ???,??,I like drinking hot cocoa in winter.,??????????
cola/Coke,n. ??,??,I ordered a glass of cola.,????????
combine,v. ??  ,??, She combines creativity with hard work to achieve success.,?????????????????
comic(s),adj. ??? n. ???????  ,??, 1. The movie had a lot of comic moments  2. He enjoys reading Japanese comics.  3. The comic made the audience laugh nonstop.,1. ????????? 2.?????????? 3. ????????????
commercial,adj. ??? n. ????  ,??, 1. The city is a major commercial center.  2. We watched a funny commercial during the Super Bowl.,1. ??????????? 2. ??????????????????
complex,adj. ??? n. ????????  ,??, 1. This math problem is very complex.  2. They live in a large apartment complex.  3. He has a superiority complex.,1. ?????????? 2. ?????????????? 3. ??????
conclude,v. ?????  ,??," 1. The meeting concluded at 5 p.m.  2. From the evidence, we can conclude that he is innocent.",1. ?????5???? 2. ????????????????????
condition,n. ?????????? v. ????...???  ,??, 1. The car is in good condition.  2. She works hard under difficult conditions  3. He suffers from a heart condition.  4. Your success conditions your future opportunities.,1. ??????? 2. ??????????? 3.??????? 4. ?????????????
conflict,n./v. ??  ,??, 1.There was a conflict between the two countries.  2.Their stories conflict with each other.,1. ?????????? 2. ??????????
congratulation(s),n. ??  ,??, Congratulations on your graduation!,??????
connection,n. ?????  ,??, 1. The internet connection is very slow today.  2. She has a connection to the company through her uncle.,1. ?????????? 2. ????????????
consideration,n. ????????  ,??," 1. After careful consideration, she decided to accept the job offer.  2.He showed great consideration for the elderly.",1. ??????????????????? 2. ?????????????
contact,n./v. ?????  ,??, 1. Do you have the contact information for the new client?  2. Please contact me if you have any questions.,1. ???????????? 2. ?????????????
contain,v. ????????  ,??," 1. This box contains old photographs.  2. The stadium can contain 50,000 spectators.  3. Firefighters worked hard to contain the wildfire.",1. ?????????? 2. ??????5????? 3. ??????????
countryside,n. ??  ,??, They spent the weekend relaxing in the countryside.,??????????
crisis,n. ??  ,??, The company faced a financial crisis last year.,?????????????
crow,n. ??????,??,A crow was sitting on the tree branch.,???????????
cultural,adj. ???????  ,??, The festival is a celebration of the city’s cultural heritage.,????????????????
cycle,n. ?? v. ?????  ,??, The water cycle is essential for life on Earth.,?????????????
dancer,n. ??  ,??, She wants to become a professional dancer.,???????????
data,n. ?????  ,??," The researchers collected data from over 1,000 participants.","???????1,000???????????"
debt,n. ?  ,??, He is trying to pay off all his credit card debt.,???????????????
delay,n./v. ??  ,??, 1. There was a long delay before the train arrived.  2. They decided to delay the meeting until next week.,1. ????????????? 2. ?????????????
delivery,n. ???????????  ,??, 1. The delivery will arrive in two days.  2. She had a smooth delivery last night.,1. ???????? 2. ????????
deny,v. ?????????  ,??, 1. He denied stealing the money.  2. They denied him access to the building.,1. ?????? 2. ???????????
depth,n. ??(?????)  ,??, 1. The pool has a depth of two meters.  2. Her speech showed great depth of understanding.,1. ????????? 2. ?????????????
description,n. ?????  ,??, He gave a clear description of the suspect.,??????????
detail,n. ????? v. ??  ,??, 1. She explained every detail of the plan.  2. The witness detailed what happened that night.,1. ???????????? 2. ???????????????
development,n. ?????  ,??, 1. The development of new technology has changed our lives.  2. There has been a recent development in the investigation.,1. ??????????????? 2. ??????????
dialogue,n. ??  ,??, The book begins with a dialogue between a teacher and a student.,????????????????
director,n. ?????  ,??, 1. She is the marketing director of the company.  2. The movie was directed by a famous director.,1. ?????????? 2. ??????????????
disagree,v. ????(?????)???  ,??, 1. I disagree with your opinion.  2. They often disagree about how to raise their children.,1. ????????? 2. ?????????????????
disagreement,n. ????????????  ,??, 1. There is a disagreement between the reports.  2. They had a serious disagreement about money.,1. ????????? 2. ??????????????
discovery,n. ?????????  ,??, 1. The discovery of penicillin changed modern medicine.  2. This fossil is an important discovery for scientists.,1. ?????????????? 2. ???????????????????
disease,n. ??  ,??, Heart disease is one of the leading causes of death worldwide.,??????????????
display,n. ???????????? v. ????????  ,??, 1. The store displays the newest products in the front window.  2. The monitor displays the results instantly.  3. There was a beautiful flower display at the entrance.  4.The display on this phone is very clear.,1. ??????????? 2. ????????? 3. ?????????????? 4. ????????????
division,n. ??????????????  ,??, 1.  The division of the land caused many arguments.  2. He works in the marketing division of the company.  3. Division is one of the four basic math operations.,1. ???????????? 2. ???????????? 3. ??????????????
domestic,adj. ???????????  ,??, 1. She left her job to focus on domestic responsibilities.  2. The airline only offers domestic flights.  3. Dogs and cats are common domestic animals.,1. ?????????????? 2. ????????????? 3. ??????????
dove,n. ??,??,A white dove is often a symbol of peace.,????????????
drawing,n. ?????(??)???  ,??, 1. She showed me a beautiful pencil drawing of a cat.  2. Drawing helps children develop creativity.  3. They held a drawing to decide who would go first.,1. ???????????????? 2. ????????????? 3. ?????????????
drug,n. ????? v. ?????????...??  ,??, 1. The doctor prescribed a new drug for her illness.  2. He was arrested for possession of illegal drugs.  3. The patient was drugged before the surgery.,1. ????????????? 2. ???????????? 3. ??????????
due,adj. ???????????? adv. ?? n. ????????  ,??, 1. The payment is due next Monday.  2. She received the due respect for her hard work.,1. ??????????? 2. ?????????????
dull,adj. ?????????????? v. ???  ,??, 1. The movie was so dull that I fell asleep.  2. This knife is too dull to cut the meat.,1. ?????????? 2. ???????????
earring(s),n. ??,??,She is wearing gold earrings.,???????
eastern,adj. ???  ,??, The eastern part of the country is known for its beautiful landscapes.,????????????????
edition,n. ??????  ,??, This is the latest edition of the textbook.,???????????
effect,n. ???????? v. ?????  ,??, 1. The medicine had a positive effect on her health.  2. The new law will effect significant changes in the industry.,1. ????????????? 2. ?????????????
effective,adj. ?????????????  ,??, 1. The new medicine is very effective in treating headaches.  2. The policy will be effective starting next month.,1. ?????????????? 2. ???????????
electrical,adj. ??  ,??, The electrical system in the house needs to be repaired.,????????????
employee,n. ??  ,??, The company has over 500 employees.,??????500????
employer,n. ??  ,??, The employer provides health insurance to all employees.,??????????????
employment,n. ????????  ,??, He is looking for employment in the tech industry.,?????????????
empty,adj. ??????????? v. ??????  ,??, 1. The box is empty.  2. He felt empty after the argument.  3. Please empty the trash can.,1. ?????? 2. ????????? 3. ???????
encourage,v. ??  ,??, My parents always encourage me to do my best,????????????
encouragement,n. ??  ,??, Thank you for your encouragement.,???????
ending,n. ??  ,??, The movie had a surprising ending.,?????????
entire,adj. ???????  ,??, He ate the entire cake by himself.,????????????
environmental,adj. ???  ,??, We must take environmental problems seriously.,?????????????
escape,n./v. ?????  ,??, 1. The prisoner tried to escape from jail.  2. Their only escape was through the window.,1. ??????? 2. ?????????????????
essay,n. ????????  ,??, I wrote an essay about my summer vacation.,???????????????
exact,adj. ??? v. ?????  ,??, 1. I need the exact time of the meeting.  2. The kidnappers exacted a large ransom.,1. ??????????? 2. ??????????
examination/exam,n. ??  ,??, The students are preparing for their final examination.,????????????
examine,v. ????????  ,??, 1. The doctor examined the patient carefully.  2. We need to examine the evidence before making a decision.  3. The teacher will examine the students next week.,1. ????????? 2. ?????????????? 3. ???????????
excitement,n. ????????  ,??, 1. The children showed great excitement on Christmas morning.  2. There was a lot of excitement before the big game.,1. ?????????????????? 2. ??????????
existence,n. ??  ,??, The existence of life on other planets is still unknown.,???????????????
expense,n. ????????  ,??, The trip was cancelled because of the high expense.,??????????????
expert,n. ?? adj. ????????  ,??, 1. She is an expert in computer science.  2. He gave an expert analysis of the situation.,1. ????????? 2. ????????????
expression,n. ?????  ,??, 1. Her facial expression showed surprise.  2. This painting is an expression of the artist's feelings.,1. ????????? 2. ?????????????
eyebrow/brow,n. ??,??,She raised her eyebrows in surprise.,?????????
factor,n. ?????????  ,??," 1. Weather is an important factor in deciding the event date.  2. In math, a factor is a number that divides another number evenly.",1. ??????????????? 2. ?????????????????????
failure,n. ??  ,??," Despite his failure, he never gave up.",????????????
fashion,n. ??????? v. ????...???  ,??, 1. The dress was made in the fashion of the 1920s.  2. She loves keeping up with the latest fashion trends.  3. The artist fashioned a sculpture out of clay.,1. ???????1920???????? 2. ????????????? 3. ??????????????
fate,n. ??  ,??, Some people believe that fate determines everything in life.,????????????????
favor,n. ???????? v. ????????  ,??, 1. Can you do me a favor and help me with this?  2. She showed favor to the new employee.  3. The teacher favored students who participated actively.,1. ???????????????? 2. ??????????? 3. ????????????
feature,n. ????? v. ?...???  ,??, 1. The smartphone has many useful features.  2. The festival features local artists and musicians.,1. ?????????????? 2. ?????????????????
fellow,n. ???????  ,??, He seems like a nice fellow.,???????????
female,adj. ??? n. ??  ,??, 1. She was the first female president of the country.  2. The doctor is a female.,1. ??????????? 2. ??????
field,n. ???????????  ,??, 1. The cows are grazing in the field.  2. She is an expert in the field of medicine.,1. ???????? 2. ??????????
figure,n. ????????(??????)?????? v. ?????  ,??, 1. She has a slim figure.  2. He is a well-known figure in the music industry.  3. Can you read this figure?  4. Look at figure 2 in the textbook.  5. I figure he’ll be late again.,1. ?????? 2. ?????????? 3. ?????????? 4. ????????2? 5. ????????
fireman/firewoman,n. ???,??,The fireman rescued the child from the burning house.,????????????????
firm,n. ????? adj. ??? v. ??? adv. ???  ,??, 1. He works for a law firm.  2. The ground was firm under our feet.  3. We need to firm up the plan before presenting it.,1. ???????????? 2. ????????? 3. ??????????????
flat,adj. ??? adv. ??????? n. ????  ,??, 1. The road is flat and easy to walk on.,1. ??????????
flow,n./v. ??  ,??, 1. The flow of water was very strong.   2. The river flows into the sea.,1. ???????  2. ???????
folk,n. ????? adj. ??????? ,??, 1. Some folks prefer the countryside to the city.  2. She enjoys listening to folk from Ireland.  3. He’s a collector of folk art.,1. ???????????? 2. ?????????????? 3. ??????????
following,adj. ??????? prep. ?...?? n. ?????????  ,??," 1. Please read the following instructions carefully.  2. Following the meeting, we had lunch together.  3. The singer has a huge following on social media.",1. ?????????? 2. ??????????????? 3. ???????????????????
force,n. ?? v. ??  ,??, 1. The force of the wind broke the window.  2. They forced him to apologize.,1. ???????? 2. ???????
forth,adv. ??  ,??, She stepped forth to speak.,?????????
forward/forwards,adv. ?????? adj. ??????????????? v. ??(??)   ,??, 1. Please move forward in the line  2. The forward part of the ship was damaged.  3. She is very forward in speaking her mind.  4. I will forward your email to the manager.,1. ???????? 2.????? 3. ?????????????? 4. ???????????????
found,v. ??  ,??, They founded a new company last year,????????????
fries,n. ???,??,I ordered a burger with fries.,???????????
function,n. ?? v. ??????  ,??, 1. The function of the heart is to pump blood.  2. The machine is functioning properly.,1. ????????? 2. ???????
further,adv. ????????? adj. ???????? v. ??  ,??, 1. The investigation will continue further next week.  2. We need further information before making a decision.  3. She worked hard to further her career.,1. ??????????? 2. ?????????????? 3. ??????????????
gardener,n. ?????  ,??, The gardener waters the flowers every morning.,???????????
garlic,n. ??,??,I like pasta with garlic and olive oil.,????????????????
giraffe,n. ???,??,The giraffe has a very long neck.,??????????
govern,v. ?????  ,??, The country is governed by a democratically elected president.,???????????????
gradual,adj. ???????  ,??, There has been a gradual improvement in his health.,???????????
grain,n. ??  ,??, 1. The farmer harvested tons of grain this year.,1. ????????????
grand,adj. ???????????  ,??, 1. They held a grand ceremony to celebrate the opening of the new museum.  2. She has grand dreams of becoming a famous actress.  3. That was a grand vacation!,1. ????????????????? 2. ??????????????? 3. ??????????
growth,n. ????????  ,??, 1. A healthy diet is important for a child’s growth.  2. The company has seen rapid growth in recent years,1. ???????????????? 2. ?????????
gymnasium/gym,n. ???,??,The students are playing basketball in the gymnasium.,????????????
hamburger/burger,n. ??,??,I ate a hamburger for lunch.,????????
heaven,n. ????????????????  ,??, 1. She believes her grandmother is in heaven.  2. This beach is like heaven.  3. The heavens opened and it began to pour.,1. ????????? 2. ????????? 3. ????????????
hero/heroine,n. ??????,??,He is considered a hero for saving the child.,?????????????
highly,adv. ???????  ,??, 1. She is a highly intelligent woman.  2. This is a highly sensitive issue.,1. ???????????? 2. ????????????
hike,n. ?? v. ???(???)??  ,??, 1. We went for a 10-kilometer hike.  2. We hiked in the mountains last weekend.  3. The government plans to hike fuel prices.,1. ??????10??? 2. ??????????? 3. ???????????
hippopotamus/hippo,n. ??,??,We saw a hippo at the zoo.,???????????
historical,adj. ???  ,??, This book is about historical events in ancient China.,?????????????????
host/hostess,n. ?????????? v. ?????  ,??, 1. He was a generous host at the party.  2. Taiwan will host the international conference next year.,1. ????????????? 2. ?????????????
huge,adj. ???????  ,??, 1. They live in a huge house near the beach.  2. There was a huge crowd at the concert.,1. ???????????????? 2. ???????????
ideal,adj. ??? n. ?????  ,??, 1. This is the ideal place for a vacation.  2. He strives to live up to his ideals.,1. ?????????? 2. ???????????
identity,n. ??????????  ,??, 1. He showed his identity card to the officer.  2. Cultural identity is important to many people.  3. She struggles with her identity as an artist.,1. ??????????? 2. ?????????????? 3. ???????????????
image,n. ????? v. ????????? ,??, 1. The image on the screen was very clear.  2. The company is trying to improve its public image.  3. The artist imaged the scene beautifully in his painting.,1. ??????????? 2. ????????????? 3. ??????????????????
impressive,adj. ???????  ,??, The singer gave an impressive performance last night.,????????????????
improvement,n. ??  ,??, There has been a significant improvement in her health.,?????????????
indeed,adv. ??  ,??," 1. She is indeed very talented.  2. Indeed, it was the best day of my life.",1. ????????? 2. ????????????????
independence,n. ??  ,??, The country declared its independence in 1945.,???1945??????
individual,adj. ??????? n. ??  ,??, 1. Each student has individual needs.  2. Every individual is responsible for their actions.,1. ???????????? 2. ?????????????
industry,n. ??  ,??, The technology industry is growing rapidly.,???????????
instance,n. ??  ,??, This is a good instance of teamwork.,???????????
instead,adv. ?????  ,??," 1. I didn’t go to the party. Instead, I stayed home and read a book.  2. Use oil instead of butter in this recipe.",1. ?????????????????? 2. ???????????
instruction,n. ??????????????? ,??, 1. The teacher gave clear instructions to the students.  2. Please read the instructions carefully before using the machine.  3. The judge issued instructions to the jury.,1. ?????????? 2. ????????????? 3. ???????????
internal,adj. ???????????  ,??, 1. The company is facing some internal problems.  2. She has an internal struggle about her decision.  3. He suffered internal injuries in the accident.,1. ??????????? 2. ???????????? 3. ??????????
internet,n. ????,??,The internet helps us find information quickly.,?????????????
introduction,n. ???????????  ,??, 1. et me give you an introduction to our new team member.  2. The introduction of the book explains the main topics.  3. The introduction of new technology improved productivity.  4. This is an introduction to programming course.,1. ??????????????? 2. ??????????? 3. ????????????? 4. ?????????????
jog,v. ????? n. ?????  ,??, 1. I jog every morning to keep fit.  2. She jogged my memory about the meeting.  3. Going for a jog in the park is relaxing.,1. ????????????? 2. ?????????????? 3. ?????????
joint,adj. ??????????? n. ??  ,??, 1. They made a joint decision to start a business.  2. My knee joint hurts after running.,1. ????????? 2. ??????????
journal,n. ?????,??,The research was published in a scientific journal.,?????????????
judgement/judgment,n. ????????????  ,??," 1. She showed good judgment in handling the problem.  2. The court’s judgment was in favor of the defendant.  3. In my judgment, this is the best option.",1. ????????????????? 2. ????????? 3. ?????????????
justice,n. ???????????  ,??, 1. Everyone deserves justice regardless of their background.  2. The justice system is designed to protect citizens’ rights.  3. The judge delivered justice in the courtroom.,1. ?????????????????? 2. ????????????? 3. ????????????
keeper,n. ???????  ,??, 1. The zoo keeper takes care of the animals.  2. He is the keeper of the old manuscripts.,1. ??????????? 2. ???????????
ladybug,n. ??,??,Children like to catch ladybugs in the garden.,?????????????
lane,n. ????????  ,??, 1. Stay in your lane while driving.  2. They live in a quiet lane behind the main street.,1. ?????????? 2. ????????????????
lap,n. ???????????????????????????? v. ?????????????????????????  ,??, 1. She placed the baby on her lap.  2. He completed the first lap of the race quickly.  3. The dog lapped the water from the bowl.  4. The waves lapped against the shore gently.  5. The runner lapped his opponent twice before the finish.,1. ????????? 2. ????????????? 3. ??????? 4. ?????????? 5. ???????????
leadership,n. ????????????????  ,??, 1. Good leadership is essential for a successful team.  2. She took on a leadership role in the company.,1. ??????????????? 2. ???????????
legal,adj. ????????  ,??, 1. They are seeking legal advice from a lawyer.  2. Smoking is legal only in designated areas.,1. ?????????????? 2. ????????????
length,n. ?????  ,??, 1. The length of the table is two meters.  2. The movie’s length is about two hours.,1. ????????? 2. ?????????
lens,n. ?????  ,??, I need to clean the camera lens before taking pictures.,??????????????
liberal,adj. ????????????? n. ?????  ,??, 1. She has a liberal attitude towards education.  2. The government adopted liberal policies to encourage growth.  3. He is very liberal with his time and money.  4. Many liberals advocate for social justice.,1. ?????????? 2. ?????????????? 3. ???????????? 4. ????????????
listener,n. ??,??,A good listener makes people feel comfortable.,???????????????
liver,n. ??????  ,??, The liver helps to detoxify the blood.,??????????
load,n. ????? v. ??  ,??, 1. The truck carried a heavy load of bricks.  2. I have a lot of work load this week.  3. They loaded the boxes onto the truck.,1. ????????? 2. ????????? 3. ??????????
lone,adj. ???  ,??, She made a lone decision to travel abroad.,????????????
loss,n. ????????  ,??, 1. He is still grieving the loss of his father.  2. The company suffered a loss of profits last year.,1. ??????????? 2. ???????
lower,adj. ??????? v. ???????? n.?????   ,??, 1. The lower shelf is for books.  2. Please lower your voice.  3. The company decided to lower prices to attract customers.  4. The lower of the two drawers is stuck.,1. ????????? 2. ?????? 3. ?????????????? 4. ??????????????
luck,n. ?????  ,??, 1. Sometimes luck plays a big role in success.  2. He had the luck to find a job quickly.,1. ??????????????? 2. ????????????
maintain,v. ???????????  ,??, 1. It’s important to maintain a healthy lifestyle.  2. The company maintains its equipment regularly.  3. She maintains that she was not at the scene.,1. ????????????? 2. ?????????? 3. ??????????
manage,v.???????????  ,??, 1. She manages a team of 10 employees.  2. He managed to finish the project on time.  3. Can you manage without help?,1. ???????10????????? 2. ????????????? 3. ???????????????
management,n. ??????????  ,??, 1. Good management is key to a successful business.  2. The management decided to increase salaries.  3. Time management is important for students.,1. ?????????????? 2. ?????????? 3. ???????????
marriage,n. ??  ,??, Their marriage lasted for 20 years.,????????20??
mate,n. ????? v. ?????  ,??, 1. He’s my best mate since childhood.  2. The bird found its mate during the spring.  3. The animals mate in the spring.,1. ??????????? 2. ??????????? 3. ????????
material,n. ?? adj. ???????  ,??, 1. The dress is made of high-quality material.  2. The material evidence was crucial to the case.,1. ???????????? 2. ??????????
mature,adj. ??? v. ???????????????  ,??, 1. She is very mature for her age.  2. These fruits take a few days to mature.  3. The investment will mature in five years.,1. ?????????? 2. ????????????? 3. ??????????
means,n. ?????  ,??, 1. Education is a means to success.  2. We must find a means of communication.,1. ??????????? 2. ????????????
measurement,n. ?????????  ,??, 1. Accurate measurement is essential in science.  2. Her waist measurement is 65 centimeters.  3. Take the room’s measurements before buying furniture.,1. ?????????????? 2. ?????65??? 3. ?????????????
medical,adj. ???????????  ,??, She needs medical attention right away.,??????????
melody,n. ??  ,??, This song has a beautiful melody.,????????
membership,n. ????  ,??, She applied for membership in the gym.,????????????
mention,v. ????? n. ?????  ,??, 1. He didn’t mention anything about the party  2. Her name got a special mention in the speech.,1. ??????? 2.???????????????
military,adj. ??? n. ??  ,??, 1. They took military action against the rebels.  2. The military is preparing for a possible attack.,1. ???????????? 2. ????????????
minority,n. ??  ,??, The minority of students preferred online classes over in-person ones.,?????????????????
mixture,n. ???  ,??," The cake batter is a mixture of flour, eggs, and sugar.",??????????????????
mood,n. ?????  ,??, She’s in a good mood today because she got the job.,???????????????????
mug,n. ??,??,She bought a cute mug with a cat on it.,?????????????????
musical,adj. ??? n. ???????  ,??, 1. She has a very musical voice.  2. We went to see a famous musical last night.,1. ??????????? 2. ????????????????
nearby,adj. ??? adv. ???  ,??," 1. There is a nearby supermarket where we can buy groceries.  2. She lives nearby, so we often meet for coffee.",1. ?????????????????? 2. ?????????????????
nerve,n. ????????  ,??, 1. The doctor explained how the nerves transmit signals to the brain.  2. It took a lot of nerve for him to speak up in the meeting.,1. ???????????????? 2. ?????????????????
network,n. ????????? v. ?????????  ,??, 1. The internet is a global network connecting millions of computers.  2. She attends conferences regularly to network with professionals in her field.,1. ????????????????????? 2. ?????????????????????
northern,adj. ???  ,??, They traveled through the northern part of the country.,?????????????
obvious,adj. ???  ,??, It’s obvious that she’s upset about something.,?????????
occur,v. ??????(??)??  ,??, 1. The accident occurred late last night.  2. It didn’t occur to me that she might be lying.,1. ?????????? 2. ???????????
official,adj. ??????? n. ??????  ,??, 1. The official statement was released this morning.  2. A government official visited the disaster area yesterday.,1. ?????????? 2. ?????????????
operate,v. ?????  ,??, 1. The company operates in over 20 countries.  2. He knows how to operate heavy machinery.,1. ??????20????? 2. ??????????
operator,n. ???????????  ,??, 1. The machine stopped working because the operator made a mistake.  2. She worked as a telephone operator in the 1980s.  3. The tour operator arranged everything for our trip.,1. ?????????????? 2. ??1980?????????? 3. ??????????????
organ,n. ????????  ,??, 1. The heart is a vital organ in the human body.  2. She plays the organ at church every Sunday.  3. The newspaper is considered the official organ of the party.,1. ???????????? 2. ??????????? 3. ?????????????
organization,n. ???????????  ,??, 1. He works for an international organization that helps refugees.  2. The success of the event was due to excellent organization.,1. ???????????????? 2. ??????????????
origin,n. ????????  ,??, 1. The origin of the custom is unclear.  2. She is a writer of French origin.,1. ??????????? 2. ??????????
painting,n. ??  ,??, That painting was created by a famous Italian artist.,????????????????????
participate,v. ??  ,??, Many students participated in the school sports day.,?????????????
particular,adj. ??????????? n. ?????  ,??, 1. I’m looking for a particular book about history.  2. He’s very particular about his food.  3. Can you give me more particulars about the event?,1. ???????????? 2. ????????? 3. ???????????????
password,n. ??,??,Please enter your password to log in.,???????????
peak,n. ????????? v. ???????  ,??, 1. We reached the peak of the mountain after five hours of hiking.  2. Sales peaked last December during the holiday season.  3. The athlete is in peak condition for the competition.,1. ????????????? 2. ?????????????????? 3. ??????????????
per,prep. ??????????  ,??, The speed limit is 60 miles per hour.,??????60???
personality,n. ????????  ,??, 1. She has a cheerful personality that makes everyone like her.  2. Your personality plays a big role in how you interact with others.,1. ??????????????? 2. ???????????????????
phrase,n. ?? v. ????????  ,??, 1. “Break a leg” is a common phrase used to wish someone good luck.  2. The speaker carefully phrased his argument to avoid offending anyone.,1. ???????????????????? 2. ????????????????
poet,n. ??,??,Shakespeare is one of the most famous poets.,??????????????
poetry,n. ?  ,??, She enjoys reading poetry in her free time.,?????????????
policeman/cop,n. ??,??,The policeman helped the lost child.,???????????
policy,n. ?????  ,??, The company has a strict policy on internet usage.,??????????????
port,n. ????? v.?????(???????)   ,??, 1. The ship arrived safely at the port last night.  2. The developers ported the game from PC to mobile devices.,1. ?????????? 2. ??????? PC ????????
pose,v. ?????? n. ??  ,??, 1. The model posed for the photographer in front of the sunset.  2. The new law poses a challenge to small businesses.  3. She held a graceful pose during the dance performance.,1. ??????????????? 2. ???????????? 3. ???????????????
possibility,n. ??????  ,??, There is a possibility of rain tomorrow.,????????
post,n. ???????? v. ??????????? adv. ??  ,??, 1. He was assigned to a new post in the marketing department.  2. She sent the letter by post yesterday.  3. They posted the job advertisement online.,1. ????????????? 2. ??????????? 3. ?????????????
powerful,adj. ???????????????  ,??, 1. The president is one of the most powerful people in the country.  2. She gave a powerful speech that inspired everyone.,1. ?????????????? 2. ????????????????????
prayer,n. ?????  ,??, She said a prayer for her family’s health and happiness.,?????????????
prefer,v. ???????????  ,??, I prefer tea to coffee in the morning.,??????????????
press,v. ??????? n. ??????   ,??, 1. Please press the button to start the machine.  2. The manager pressed him to finish the report by Friday.  3. The reporter works for the local press.,1. ?????????? 2. ????????????? 3. ??????????
pride,n. ????? v. ?...??  ,??, 1. She takes great pride in her work.  2. He prides himself on being punctual.,1. ???????????? 2. ???????
prince/princess,n. ??/??,??,The prince lives in a large castle.,????????????
prison,n. ??  ,??, He was sent to prison for five years.,????????
prisoner,n. ??  ,??, The prisoner was released after serving ten years.,???????????
proper,adj. ???????  ,??, 1. Please wear proper clothes to the interview.  2. It’s important to use proper grammar when writing.,1. ????????????? 2. ??????????????
propose,v. ????????  ,??, 1. He proposed a new plan to improve the company’s sales.  2. He nervously proposed to his girlfriend last night.,1. ????????????????? 2. ????????????
protective,adj. ???  ,??, Parents often have a protective attitude toward their children.,???????????????
prove,v. ??  ,??, The scientist proved his theory with multiple experiments.,?????????????????
pudding,n. ??,??,I had chocolate pudding for dessert.,????????????
punishment,n. ??  ,??, The teacher gave him a punishment for being late.,??????????????
pupil,n. ???  ,??, 1. The teacher praised the pupils for their hard work.,1. ???????????
quality,n. ?? agj. ???  ,??, 1. The quality of this fabric is excellent.  2. They sell quality products at reasonable prices.,1. ???????????? 2. ????????????????
quantity,n. ??  ,??, The factory produces large quantities of shoes every month.,???????????
railroad/railway,n. ??  ,??, The railroad connects the city to the countryside.,??????????
range,n. ?????? v. ?????  ,??, 1. The price range for these products is quite wide.  2. The mountains form a beautiful range along the coast.  3. The temperature can range from 10 to 30 degrees Celsius.,1. ?????????????? 2. ???????????????? 3. ???????10?30????
rapid,adj. ??  ,??, The river’s rapid flow made it dangerous to swim.,????????????
reality,n. ???  ,??, Sometimes reality is different from what we expect.,????????????????
recent,adj. ???  ,??, The recent news about the project was very encouraging.,??????????????????
refrigerator/fridge,n. ??,??,Please store the food in the refrigerator.,???????????
regard,n. ????? v.???????????  ,??, 1. She has a lot of regard for her teachers.  2. Many people regard her as a talented artist.  3. He regards his health as very important.,1. ????????? 2. ????????????????? 3. ???????????
region,n. ??  ,??, This region is known for its beautiful landscapes.,#??!
relate,v. ?????  ,??, 1. She related the events of the accident to the police.  2. This story relates to the history of the city.,#??!
relation,n. ??  ,??, The relation between the two countries has improved recently.,???????????
religion,n. ???????  ,??, 1. Freedom of religion is a basic human right.  2. Buddhism is one of the major religions in Asia.,#??!
remove,v. ?????  ,??, 1. Please remove your shoes before entering the house.  2. The stain was hard to remove from the fabric.,1. ???????? 2. ???????????
reply,n./v. ?????  ,??, 1. His reply to the question was very clear.  2. She didn’t reply to my message.,1. ???????????? 2. ??????????
require,v. ?????  ,??, 1. This job requires a lot of patience and attention to detail.  2. The school requires students to wear uniforms.,#??!
requirement,n. ??????????  ,??, 1. Good communication skills are a requirement for this position.  2. The project meets all the safety requirements.,1. ????????????????? 2. ???????????
respond,v. ??????????  ,??, 1. She didn’t respond to my email until two days later.  2. The company quickly responded to customer complaints.,1. ???????????????? 2. ?????????????
riches,n. ???????????  ,??, 1. He left his homeland in search of fame and riches.  2. The country is known for the natural riches of its forests and rivers.,#??!
rocky,adj. ?????????????  ,??, 1. We hiked along a rocky path by the sea.  2. Their relationship had a rocky start but improved over time.,#??!
rooster,n. ??,??,The rooster crowed at sunrise.,?????????
royal,adj. ??????? n. ????  ,??, 1. The royal family attended the ceremony.  2. She received a royal welcome when she arrived.,#??!
rubber,n. ??????(????) adj. ????  ,??," 1. The tires are made of strong rubber.  2. In the UK, “rubber” means an eraser used for pencils.  3. She wore rubber boots to walk in the rain.",1. ?????????? 2. ?????rubber????????????? 3. ????????????
runner,n. ??  ,??, He is a professional runner who competes internationally.,?????????????????
salesperson/salesman,n. ????  ,??, The salesperson helped me choose the right laptop.,#??!
saleswoman,n. ???  ,??, The saleswoman helped me choose the right laptop.,??????????????
salty,adj. ???????  ,??, 1. The ocean air tastes salty.  2. The soup is too salty; it needs more water.,1. ??????? 2. ???;???????
saw,v. ???? n. ??  ,??, He used a saw to cut the wooden board.,#??!
scare,v. ?????? n. ????????  ,??, 1. The loud noise scared the children.  2. There was a scare about a possible power outage last night.,#??!
schedule,n. ??????? v. ???????  ,??, 1.  My schedule is very busy this week.  2. We scheduled the meeting for next Monday.,1. ?????????? 2. ????????????
seek,v. ???????????  ,??, 1. Many people seek happiness in their lives.  2. She is seeking advice from her mentor.,1. ???????????? 2. ?????????????
selection,n. ??  ,??, The store offers a wide selection of books.,??????????????
self,n. ?? adj. ???????  ,??, 1. It’s important to take care of yourself.  2. She has a strong sense of self.,1. ????????? 2. ??????????
sensitive,adj. ?????????????  ,??, 1. He is very sensitive to criticism.  2. This skin cream is for people with sensitive skin.  3. She is sensitive to other people's feelings.,#??!
separate,adj. ??????????? v. ??????  ,??, 1. They have separate bedrooms in the house.  2. Please separate the recyclable materials from the trash.,1. ????????????? 2. ????????????
settle,v. ????????  ,??," 1. After traveling for years, she decided to settle in a small town.  2. They settled their differences through negotiation.",1. ??????????????????? 2. ????????????
settlement,n. ????????????????  ,??, 1. The two parties reached a settlement out of court.  2. The early settlers established a settlement by the river.,1. ????????? 2. ??????????????
sex,n. ????  ,??, 1. Please indicate your sex on the form male or female.  2. Sex education is important for teenagers.,#??!
shame,n. ???????? v. ?????  ,??, 1. He felt deep shame after lying to his friends.  2. It’s a shame that we couldn’t attend the concert.  3. She tried to shame him into apologizing.,1. ??????????????? 2. ????????????? 3. ?????????
shell,n. ??????? v. ?????  ,??, 1. The crab has a hard shell for protection.  2. Soldiers found an unexploded shell on the battlefield.  3. She shelled the peanuts before eating them.,1. ????????????? 2. ?????????????? 3. ??????????
shock,n./v. ?????  ,??, 1. The earthquake caused a strong shock that damaged many buildings.  2. The news of his sudden death came as a shock to everyone.  3. The bad news shocked her deeply.,1. ?????????????????? 2. ??????????????? 3. ????????????
shot,n. ????????  ,??, 1. She shot the arrow straight into the target.  2. The hunter fired a single shot.  3. He made a three-point shot at the last second.,1. ????????? 2. ??????? 3. ????????????
simply,adv. ?????????????  ,??, 1. You can solve the problem simply by following the instructions.  2. I simply don’t understand what you mean.,#??!
skilled,adj. ????????  ,??, 1. She is a skilled carpenter who can make beautiful furniture.  2. The job requires skilled workers with experience.,1. ????????????????????? 2. ????????????????
slip,n./v. ?????  ,??, 1. Be careful not to slip on the wet floor.,1. ??????????????
slipper(s),n. ??  ,??, She put on her slippers after coming home from work.,???????????
smooth,adj. ??????????? v. ???????  ,??, 1. The table has a smooth surface.  2. The meeting went smoothly without any problems.  3. She smoothed the wrinkles out of the paper.,#??!
sock(s),n. ??  ,??, He bought new socks for the winter.,?????????
soft,adj. ???  ,??, This pillow is very soft and comfortable.,????????????
soil,n. ?? v. ?????  ,??," 1. Plants grow best in rich, moist soil.  2. Be careful not to soil your clothes while painting.",1. ????????????????? 2. ?????????????
solution,n. ??????????  ,??, 1. She finally found the correct solution to the math question.  2. We need a solution to this problem as soon as possible.  3. Saltwater is a solution of salt in water.,1. ?????????????? 2. ????????????? 3. ???????????
somewhat,adv. ??????????  ,??, I was somewhat surprised by his reaction.,???????????
sort,n. ?? v. ??  ,??, 1. There are all sorts of people at the party.  2. I need to sort these papers before the meeting.,1. ??????????? 2. ??????????????
source,n. ??  ,??, The source of the river is high in the mountains.,??????????
southern,adj. ???  ,??, He lives in the southern part of the country.,?????????
soybean,n. ??,??,Soybeans are an important source of protein.,#??!
spelling,n. ?????  ,??, Her spelling is excellent.,?????????
sport,n. ?? v. ?????  ,??, Soccer is a popular sport around the world.,?????????????????
stage,n. ????? v. ?????  ,??, 1. The project is in its final stage.  2. He performed on stage for the first time.  3. The theater group staged a new play last week.  4. The protest was staged by students.,1. ??????????? 2. ???????? 3. ???????????? 4. ??????????
standard,adj. ??? n. ??  ,??," 1. He drives a standard car, not a luxury one.  2. The company maintains high standards of quality.",1. ?????????????? 2. ???????????
statement,n. ?????????  ,??, 1. The politician made a public statement about the issue.  2. I checked my bank statement online yesterday.,1. ??????????????? 2. ???????????????
steel,n. ?? v. ???????????  ,??, 1. The bridge is made of strong steel.  2. She steeled herself before giving the speech.,1. ?????????? 2. ????????????
stick,v. ???? n. ????  ,??, 1. The thorn stuck in his finger.  2. She stuck the note on the fridge with a magnet.  3. He found a long stick to use as a walking aid.,1. ???????? 2. ????????????? 3. ???????????????
stress,n. ?? v. ??  ,??, 1. Work-related stress can affect your health.  2. He stressed the need for honesty in his speech.,1. ???????????? 2. ??????????????
stretch,n. ????? v. ??  ,??, 1. The road stretches for miles through the countryside.  2. She likes to stretch her muscles before exercising.,1. ?????????????? 2. ????????????
strict,adj. ???  ,??, The teacher is very strict about homework deadlines.,??????????????
struggle,n./v. ?????  ,??,1. She struggled to finish her homework on time.  2. The fish struggled to get free from the net.  3. Life is a constant struggle for many people.,1. ?????????? 2. ?????????? 3. ??????????????????
subway(??)/underground(??),n. ??  ,??, 1. I take the subway to work every day.  2. The underground system in London is very extensive.,1. ????????? 2. ????????????
suitable,adj. ???  ,??, This dress is suitable for formal occasions.,????????????
supply,n./v. ??  n. ??????,??," 1. The city has a limited supply of clean water.  2. The company supplies food to local supermarkets. 3.If you're ordering office supplies, please put me down for a box of paper clips and a box of letterhead.",1. ?????????? 2. ????????????3. ??????????????????????????
suppose,v. ???????????  ,??, 1. I suppose it will rain tomorrow.  2. Let's suppose that you win the lottery.  3. He supposed that she was already home.,1. ???????? 2. ???????? 3. ???????????
surface,n. ?? v. ?????????? adj. ???  ,??, 1. The water's surface was calm and clear.  2. Problems began to surface during the meeting.  3. The surface layer of the road needs repairing.,1. ??????? 2. ??????????? 3. ??????????
survival,n. ????????  ,??, 1. His quick thinking ensured their survival in the wilderness.  2. The doctors fought for the patient’s survival.,1. ????????????????? 2. ????????????
swim,v./n. ??  ,??, 1. I swim in the pool every morning.  2. Let’s go for a swim after lunch.,1. ?????????????? 2. ???????
switch,n. ???????? v. ????????  ,??, 1. Press the switch to turn on the light.  2. She switched from tea to coffee in the mornings.  3. Please switch seats with me.,1. ???????? 2. ??????????? 3. ???????
tale,n. ??  ,??, He told us a tale about his adventures at sea.,????????????????
target,n. ????? v. ?...????  ,??," 1. Our sales target for this month is $50,000.  2. The archer hit the target.  3. The campaign targets young voters.","1. ??????????50,000??? 2. ??????? 3. ??????????????"
task,n. ?? v. ?...??  ,??, My main task today is to finish the report.,??????????????
tax,n. ???? v. ?...??  ,??, 1. You must pay income tax every year.  2. The government taxes imported goods.,1. ??????????? 2. ??????????
technology,n. ???????  ,??, 1. Modern technology has changed the way we communicate.  2. The company is developing new technology for renewable energy.,1. ??????????????? 2. ???????????????
teens,n. ???  ,??, He learned to play the guitar in his teens.,?????????????
terrorism,n. ?????????  ,??, The government is taking strong measures to fight terrorism.,????????????????
terrorist,adj. ????  ,??, The terrorist was captured by the authorities.,??????????
text,n. ????? v. ???  ,??, 1. I read the text of the speech online.  2. I will text you the details later.,1. ?????????????? 2. ?????????????
throughout,prep. ??????? adv. ?????  ,??, 1. The festival was celebrated throughout the city.  2. She worked hard throughout the year.,1. ?????????? 2. ????????
thus,adv. ?????  ,??," The evidence was incomplete, thus the case was dismissed.",??????????????
tire,v. ?? n. ??  ,??, 1. Walking long distances can tire you out quickly.  2. My car needs a new tire.,1. ??????????????? 2. ?????????
tissue,n. ??????????????(???)??  ,??, 1. Could you pass me a tissue? I need to blow my nose.  2. The doctor took a sample of tissue for testing.,1. ????????????????? 2. ?????????????
tone,n. ????????  ,??, Her tone of voice suggested she was upset,???????????
tour,n. ?????????? v. ??  ,??, 1. We went on a tour of Italy last summer.  2.The band is going on a world tour next year.  3.They toured Europe by train.,1. ??????????????? 2. ?????????????? 3. ??????????
toward/towards,prep. ????????  ,??, 1. She walked toward the door.  2. We are moving towards a cleaner energy future.  3. He has a positive attitude toward his work.,1. ?????? 2. ???????????????? 3. ?????????????
track,n. ?? v. ??  ,??, Police are trying to track the suspect.,??????????
trial,n. ???????????????????  ,??, 1. You can use the software for a 7-day free trial.  2. The murder case will go to trial next month.  3. Climbing the mountain in winter was a real trial.,1. ???????????7?????? 2. ???????????? 3. ???????????
typical,adj. ???????????  ,??, 1. This painting is typical of his early work.  2. It’s typical of her to be late.  3. The hot and humid weather is typical in summer here.,1. ??????????????? 2. ??????? 3. ???????????????
unit,n. ?????????(??)???(??)???????  ,??," 1. The length is measured in meters, a common unit of measurement.  2. This textbook is divided into ten units.  3. The military unit was deployed overseas.  4. She just bought a new apartment unit downtown.",1. ????????????????? 2. ??????????? 3. ?????????? 4. ????????????
unless,conj. ??  ,??, You won’t pass the exam unless you study hard.,??????????????
upset,adj. ??????????? v. ???????? n. ??????????????  ,??, 1. She was very upset about the bad news.  2. He was upset by the argument with his friend.  3. The unexpected result upset everyone.  4. The team suffered an upset in the championship game.,1. ???????????? 2. ?????????????? 3. ????????????????? 4. ??????????
used,adj. ??????  ,??, I bought a used car last week.,???????????
user,n. ???,??,The user logged into the system.,????????
view,n. ???????? v. ????????  ,??," 1. The hotel room has a beautiful view of the ocean.  2. In my view, we should wait a little longer.  3. We viewed the movie last night.  4. The committee views this proposal positively.",1. ??????????? 2. ?????????????? 3. ????????? 4. ?????????????
waiter/waitress,n. ???/????  ,??, The waiter brought us the menu quickly.,???????????
wealth,n. ????????  ,??, 1. He inherited a great wealth from his family.  2. The country’s natural wealth includes forests and minerals.,1. ???????????? 2. ?????????????????
weigh,v. ?...??????  ,??, 1. Please weigh the luggage before going to the airport.  2. You should weigh the pros and cons before making a decision.,1. ???????????? 2. ?????????????
western,adj. ??? n. ??????  ,??, They moved to a western state in the USA.,??????????????
whatever,adj. ????????? pron. ??...????????  ,??," 1. Take whatever you want from the fridge.  2. Whatever happens, stay calm.",1. ???????????? 2. ???????????????
whenever,conj. ??????? adv. ???????  ,??," 1. You can call me whenever you need help.  2. Whenever I see her, she’s always smiling.",1. ???????????? 2. ????????????
wherever,conj. ????? adv. ?????  ,??," 1. You can sit wherever you like.  2. Wherever he goes, he makes friends easily.",1. ????????????? 2. ?????????????????
whisper,n. ????? v. ???????  ,??, 1. I heard a whisper behind the door.  2. She whispered a secret to her friend.,1. ????????? 2. ?????????????
whoever,pron. ????  ,??, Whoever arrives first will get the prize.,???????????
width,n. ??  ,??, The width of the table is two meters.,?????????
willing,adj. ???????  ,??, She is willing to help with the project.,??????????
wine,n. ??????  ,??, They drank red wine with dinner.,?????????
wire,n. ?? v. ?????  ,??, 1. The electrician fixed the broken wire.  2. They wired the new house for internet.,1. ???????? 2. ?????????????
within,prep. ?...??? adv. ???  ,??, 1. Please complete the task within two days.  2. There is no smoking allowed within the building.,1. ?????????? 2. ????????
wonder,v. ??? n. ??  ,??, 1. I wonder if it will rain tomorrow.  2. It’s a wonder that everyone survived the accident.,1. ??????????? 2. ?????????????
wood(s),n. ?????  ,??, 1. The table is made of wood.  2. We went hiking in the woods last weekend.,1. ??????? 2. ???????????
wooden,adj. ???  ,??, They bought a wooden chair for the dining room.,?????????????
wool,n. ??  ,??, She wore a warm sweater made of wool.,???????????????
worse,adj. ??? adv. ?? n. ????  ,??, 1. His health is getting worse.  2. Things are going from bad to worse.,1. ??????????? 2. ???????
worst,adj. ??????? adv. ??????? n. ?????  ,??, 1. This is the worst day of my life.  2. He performed the worst in the competition.  3. Prepare for the worst.,1. ????????????? 2. ?????????? 3. ??????????
worth,adj. ?...??? n. ???  ,??, 1. This book is worth reading.  2. The painting is of great worth.,1. ???????? 2. ????????
yam,n. ??,??,Yam is a popular food in many countries.,?????????????
aboard,prep. /adv. ?(??????)??(??????)?  ,??, 1. There were 300 people aboard the ship.  2. All passengers must be aboard before the train departs.,1. ???300?? 2. ???????????????
acceptable,adj. ?????  ,??, Your behavior is not acceptable in this classroom.,?????????????????
accurate,adj. ???  ,??, The scientist gave an accurate description of the experiment.,???????????????
ache,n./v. ??  ,??, 1. I had a dull ache in my back after sitting too long.  2. My muscles ache after the long run.,1. ??????????? 2. ?????????
achieve,v. ?????  ,??, She worked hard to achieve her goals.,???????????
achievement,n. ????????  ,??, Winning the award was his greatest achievement.,?????????????
additional,adj. ???????  ,??, We need additional time to finish the project.,????????????????
advanced,adj. ???????????  ,??, 1. This phone has many advanced features.  2. She is taking an advanced English course.,1. ???????????? 2. ???????????
advantage,n. ???????  ,??, Knowing two languages is a big advantage in finding a job.,?????????????????
adventure,n. ??  ,??, Going backpacking in the mountains was the biggest adventure of my life.,??????????????????
advertise,v. ?...???  ,??, The company plans to advertise its new product on TV.,????????????????
advertisement/ad,n. ??  ,??, I saw an advertisement for a new smartphone in the magazine.,???????????????????
adviser/advisor,n. ?????  ,??, She works as a financial adviser for a large bank.,???????????????
afford,v. ???????????  ,??, 1. I can’t afford to buy a new car right now.  2. This job will afford you many opportunities to travel.,1. ????????? 2. ????????????????
afterward/afterwards,adv. ?????  ,??, We went to a movie and afterward/afterwards we had dinner.,??????????/?????????
agriculture,n. ??  ,??, Modern agriculture uses advanced machinery to increase crop production.,#??!
airline,n. ???????  ,??, I booked a ticket with a major airline for my trip to Paris.,????????????????????????
alley,n. ??????  ,??, The cat ran quickly down the alley.,????????
admission,n. ?????????  ,??, Candidates must pass the entrance exam before being given admission to an interview.,#??!
be subject to,?...?????...  ,??," Regardless of their position or status, employees will be subject to annual evalutions.",???????????????????
committed,adj. ?????  ,??, We are seeking committed professionals in the fields of medicine and health administration.,????????????????????????
fire,v. ??  ,??, Employees who commit serious breaches of company policy may be fired with two-week's notice.,#??!
position,n. ??  ,??, Please inform candidates that applying for multiple positions is against company policy.,????????????????????
accordingly,adv. ?????????  ,??," Given the limited timeframe, selection procedures should be shortened accordingly.",?????????????????
hire,v. ?????  ,??, This month we will need to hire four people to fill vacancies in the human resources department.,#??!
match,v. ?????  ,??, Hiring managers should match a candidate's experience to the most appropriate department in the company.,?????????????????????????
responsibility,n. ?????  ,??, It is the HR director's responsibility to maintain our workforce's effectiveness.,???????????????????
assessment,n. ??  ,??, Assessment of potential hires should be done according to our ranking system.,#??!
recruit,v. ?????  ,??, The president specifically stated we were not to recruit overseas workers for this position.,???????????????????????
applicant,n. ???????  ,??, Job applicants should always try to make the best first impression.,?????????????????
consider,v. ?????  ,??, People considering a career change should first decide whether the new position will help them achieve their career goals.,#??!
arrange,v. ?????  ,??, Candidates who are unable to take the written exam on the scheduled day may arrange a make-up test.,?????????????????????
background,n. ?????  ,??, Questions regarding candidate's backgrounds should be limited to education and employment history.,???????????????????????
candidate,n. ???????????  ,??," There are 12 candidates, but only five positions are available.",#??!
experience,n. ?????  ,??, How much experience do you have with maintaining large databases?,???????????????
interview,n. ?????  ,??, There will be no group interviews. We will meet each candidates on a one-to-one basis.,??????????????????????????
prior to,?...??  ,??, Did the candidates research the company's current activities prior to the interview?,#??!
reference,n. ???  ,??, Three references are required to apply to this position.,????????????
resume,n. ??  ,??, We were very impressed with your resume especially your work history.,??????????????????????
accomplishment,n. ?????  ,??, I consider the release of my home accounting software to be one of my greatest accomplishment.,#??!
capability,n. ?????  ,??," In my previous job, I had many opportunities to prove my capability in multitasking.",????????????????????????
potential,n. ??  ,??, I believe my full potential has yet to have been realized.,?????????????????
proficiency,n. ??????????  ,??," I have documented proficiency in English, Japanese and Chinese.",#??!
profile,n. ????  ,??, I hope my profile clearly shows my dedication to the preservation and improvement of community.,???????????????????????????
degree,n. ?????  ,??, His resume exhibits a high degree of mastery of social media marketing.,????????????????????
ethic,n. ?????  ,??," He claims to have a strong work ethic, but he's had four jobs in the past two years.",#??!
recommendation,n. ????????????  ,??," If you have any recommendations regarding what personal qualities we should look for, please let me know.",????????????????????????????
weakness,n. ?????  ,??, Not looking for a better position is considered a weakness by many hiring manaders.,????????????????????
elsewhere,adv. ???????  ,??," I will seek employment elsewhere, because I'm not happy with how the company is treating me.",#??!
benefit,n. ?????  ,??," Free gym membership, yearly professional development courses, and on-site daycare are some of the benefit the company offers.",??????????????????????????????????
complimentary,adj. ???????????  ,??," I don't like early meetings, but I definitely do enjoy the complimentary breakfast we get!",????????????????????
generous,adj. ???????  ,??," The company dosen't offer much leave, but it is certainly generous with the salaries it offers.",#??!
leave,n. ?????  ,??, I would gladly work for a lower salary if I could have more paid leave.,???????????????????????
practical,adj. ???????  ,??," The training is very nice in theory, but it has no practical application to my work.",??????????????????????
satisfy,v. ??  ,??," The benefit here really don't satisfy my need--there is no dental care, no day care, and not much leave offered.",#??!
diligent,adj. ???????  ,??," She's got good ideas, but she's not particularly diligent when it comes to team work.",?????????????????????
dividend,n. ?????  ,??, Our company is paying dividends in the form of a year-end bonus.,?????????????????
eligible,adj. ???  ,??," He's not eligible for the position, since he doesn't have college degree.",#??!
entitle,v. ??(???)  ,??," According to our company's policy, after a year, I'll be entitled to three weeks of vacation.",?????????????????????
grant,n. ???????  ,??, I am really hoping to get a grant from that research company.,????????????????????
optional,adj. ????????  ,??," I konw bonuses are technically optional, but I think the managers know that we expect them each year.",#??!
productive,adj. ???  ,??," After his performance review, he got a raise for being so productive.",??????????????????
representative,n. ??  ,??, I'm going to speak to our human resources representative about getting some extra time off this year.,????????????????????????????
respectively,v. ???????  ,??," Based on our seniority, we get three and four weeks paid leave, respectively.",#??!
tempt,v. ????????  ,??," I am very tempted to take their offer, because the benefits are so much better than my current position.",???????????????????????????
acknowledge,v. ??  ,??, He took the credit for the project's success and didn't acknowledge her contribution at all.,??????????????????????????
contribute,v. ??  ,??, I can't take all the credit for the plan. Everyone on the team contributed to it.,#??!
dedication,n. ?????  ,??, They're hoping to inspire dedication by offering stock in the company rather than cash bonuses.,????????????????????????
motivate,v. ?????  ,??, The bigger bonuses are meant to motivate the emplyees to work harder.,??????????????????
winner,n. ??????  ,??," After working on it night and day for a week, it looks like our proposal is going to be the winner!",#??!
improve,v. ?????  ,??, She's volunteering for every work group because she's really eager to improve her chances for a promotion.,????????????????????????????
look forward to,??  ,??," I like my work, but I'm really looking forward to my vacation next week.",?????????????????????
loyal,adj. ??????? ,??, I hope my loyal service to the company will be rewarded when they give out bonuses this year.,#??!
merit,n. ????????  ,??, I'm tired of being passed over for promotions. I'm going to move to a company that values merit over seniority.,?????????????????????????????
devote,v. ??  ,??," In his new position, most of his time will be devoted to client relations.",????????????????????
lead,v. ??  ,??," I'm surprised that he was promoted, because I don't think he leads his work group very well.",#??!
lifetime,n. ??  ,??," She rose from cashier to chief financial officer over her lifetime, which is a very impressive achievement.",?????????????????????????????????
adjustment,n. ??  ,??," With the cost of living rising so quickly, I believe we deserve a salary adjustment.",?????????????????????????
flexible,adj. ????  ,??," My hours in the office are flexible, but I have to be on call from 9 a.m. to 5 p.m.",#??!
limit,n. ?????  ,??,They're talking about creating a salary cap and setting separate limits for each level in the hierarchy.,?????????????????????????????
pension,n. ???????  ,??, I'm very glad the company will start matching our pension contributions next year.,??????????????????????
raise,n. ??  ,??," If I don't get a raise soon, I'm going to look for another job.",#??!
rise,v. ?????  ,??," If the cost of living continues to rise, the company is going to have to increase people's salaries.",?????????????????????????
salary,n. ??  ,??," The salary in my new position is terrible, but the work is so interesting that I don't mind.",????????????????????????
tenure,n. (????)????  ,??," Once he's gotten tenure in the position, his salary won't change.",#??!
value,n. ??  ,??, I don't think my salary reflects the value I bring to the company.,?????????????????????
wage,n. ??  ,??, I work such long hours that I'm glad I get an hourly wage rather than a set salary.,?????????????????????????
introduce,v. ??  ,??, The principal function of orientation is to introduce the company's culture and its methods of operation.,#??!
regulation,n. ????????  ,??, Rules concerning the regulation of intellectual property rights will be introduced during orientation.,?????????????????????
set up,v. ?????  ,??, Mr. Rasheed has agreed to set up the audio system for this month's seminar.,Rasheed ??????????????????
take part in,v. ??  ,??," Unlike last year, new programmers have to take part in the first stage of orientation  this year.",#??!
required,adj. ???????  ,??," The required training excursion will focus on leadership, which the president feels is lacking in many managers.",?????????????????????????????????
train,v. ?????  ,??, We need to find someone who can train the staff to use the new office software.,?????????????????????
annual,adj. ?????????  ,??, The annual training course is held every August.,#??!
bring together,v. ?????  ,??, We hope to bring together the most motivated and competitive employees.,?????????????????????
build up,v. ??  ,??, The purpose of this excursion is to build up a sense of teamwork.,?????????????????
guide,v. ??  ,??, Five former participants will guide trainees through the course.,#??!
instructor,n. ??????  ,??," She said she did not want to be an instructor, even though she will plan training course.",????????????????????
mentor,n. ???????  ,??," Each group of trainees will be assigned a mentor, who will assist them during the hands-on portion.",???????????????????????
session,n. (??????)?????  ,??," Each session will run for two hours, followed by a 20-minute break.",#??!
site,n. ??  ,??, The site for this year's training seminar will be in Frankfurt.,??????????????????
entertainment,n. ??  ,??, Karaoke has become a popular form of entertainment at birthday parties.,??OK?????????????????
invite,v. ??  ,??," Be sure to invite all the managers, even ones from other department.",#??!
present,n. ??  ,??," While bringing a present is not required, it is highly recommended.",????????????????
welcome,v. ??  ,??, I would like to welcome you all to Kathy and Steve's first baby shower.,????????Kathy?Steve?????????
congratulate,v. ??  ,??, Let me be the first to congratulate you on your upcoming wedding and to wish you the very best.,#??!
farewell,adj. ???  ,??, Is Mrs. Kerry retiring before or after her farewell party?,??????????????????????
party,n. ????????  ,??, Do you think it would be better to held Mr. Smith's farewell party at a restaurant or a bar?,????????????????????????????
theme,n. ?????  ,??, Has anyone decided if the party's theme will be a cruise voyage or an Italian getaway.,#??!
attribute,v. ???  ,??, She attributes her successes to the support of her coworkers and staff.,???????????????????
awards ceremony,n. ????  ,??, The president will present the achievement awards during the awards ceremony following dinner.,???????????????????
banquet,n. ???????  ,??, The organizers have arranged for the banquet to be held in the hotel's conference room.,#??!
celebrate,v. ??  ,??," Once the president has finished her speech, we will celebrate the entrance of new employees into the company.",???????????????????????
commemorate,v. ?????  ,??, This event will commemorate our organization's 20th year of operation.,????????????20???
activity,n. ??  ,??, Which activities did you have in mind for this year's Christmas party.,#??!
ancient,adj. ???  ,??, Giving children gifts of money at Chinese New Year is an ancient tradition in China.,?????????????????
atmosphere,n. ??  ,??," Keeping the time limit to three hours will help us maintain a festive atmosphere; more than that, and peaple will tired.",???????????????????;???????Peaple ???????
costume,n. ?????  ,??, We would like to remind employees that the wearing of costumes will not be permitted this Halloween.,#??!
gather,v. ??  ,??, Employees should gather for New Year's party by 7p.m.,??????7???????????
observe,v. ??(???)??????  ,??," This year, we will be observing both the Western and Chinese New years.",???????????????????
anniversary,n. ????  ,??," Johnson's 25th wedding anniversary is this Friday, so let's have a small party for him at the office.",#??!
admire,v. ????????  ,??, I think I speak for everyone here when I say how much I have admired your professionalism over the years.,?????????????????????????????
expect,v. ??  ,??," When planning for retirement, it is important to expect medical costs to increse.",??????????????????????
retire,v. ??  ,??, I can't believe Mrs. Yamada will be able to retire at 55.,#??!
apprentice,n. ??????  ,??, My machanic is looking for an apprentice.,???????????
assistant,n. ?????  ,??, I can't keep up with this paperwork. I need an assistant.,???????????????????
associate,n. ??????  ,??," This is George, my business associate.",#??!
in charge of,??  ,??, She is in charge of North American sales.,????????
beneath,prep. ?...??  ,??, There are at least 10 people beneath her in the department.,????????????
executive,adj. ??????????  ,??, This is her first time in an executive position.,#??!
fluctuation,n. ?????  ,??, The constant fluctuations in personal mean I never know who my real boss is.,????????????????????????
level,n. ?????  ,??," I thought my work was good, but his performance is really on another level.",????????????????????????
personnel,n. (??)?????  ,??," If they don't hire some new people, they're going to face a serious personnel crisis.",#??!
select,v. ??  ,??, I'm hoping to be selected as the new team leader.,????????????
supervisor,n. ??  ,??, I really need my supervisor to clarify what she want me to do.,????????????????????
understaffed,adj. ?????  ,??, We're so understaffed; I've ended up working until 10 p.m. every night this week.,#??!
respectful,adj. ????  ,??, He has to learn to be more respectful of his superiors if he want to get ahead.,??????????????????
spare,adj. ???  ,??," It is just a small business corporation, so it may not have spare workforce for this projects.",????????????????????????????????
resign,v. ??  ,??, I dont want to resign until I've found a new position.,#??!
assignment,n. ?????  ,??, Have you finished the assignment yet?,????????
busy,adj. ???  ,??," She asked me to pick up her shift on Saturday, but I'm just too busy.",???????????????????
shift,n. ??  ,??," I've got early shifts all week, so I can't stay up late.",#??!
collaborate,v. ??  ,??, Ther've decided that they want sales and marketing to collaborate on the new plan.,??????????????????????
department,n. ?????  ,??," We used to have lunch together, but now that she's moved to another department, I hardly to see her anymore.",????????????????????????????????
integral,adj. ?????  ,??, He's an integral part of the design team. I don't know what I'd do without him.,#??!
buyout,n. ???(??)????  ,??, The company promises thst nothing will change for enployees after the buyout.,?????????????????????
control,v. ??  ,??, I control the acquisition process at the company.,????????????
takeover,n. ?????  ,??, There will definitely be layoffs after the takeover.,#??!
transition,n. ?????  ,??, They've sent a team of human resources specialists to help make sure the transition is smooth.,???????????????????????????
acquisition,n. ??  ,??, They get rid of their competition through acquisitions.,??????????????
corporate,adj. ???????  ,??," In my opinion, only a corporate lawyer can answer those questions.",#??!
institute,n. (????)????????????  ,??, The merging of these two well-known institutes has shocked the academic circles.,??????????????????
merger,n. (????)??  ,??, What will the company's name be after the merger?,?????????????
transfer,v. ??  ,??, We're going to transfer all our design work to them as part of the merger.,#??!
appoint,v. ???????  ,??, I can't believe the CEO appointed his daughter as chair of the research committee!,??????????????????????
be accounted for,?????  ,??," All the board members are accounted for, so I think we're ready to get started on the vote.",?????????????????????????
board,n. ????(??????)????  ,??," I think it's a great idea, but the board is so conservative that they might not approve it.",#??!
boardroom,n. ??????  ,??, All the executives are gathered in the boardroom right now. I wonder what's going on.,?????????????????????????????
direct,v. ????????  ,??, Who's going to direct the research team.,?????????
reliable,adj. ???  ,??, He's so reliable; he's never missed a deadline.,#??!
title,n. ??  ,??, The promotion is really just a change of title. Idon't have any new responsibilities.,??????????????????????
brick,n. ?  ,??," The interior is wood paneling, but exterior is red brick.",????????????????
carpet,n. ??  ,??,  Putting down carpet would help reduce the noise levels.,#??!
closet,n. ??  ,??," Seeing as there are no closets, storage space will be a problem.",?????????????????
compartment,n. ?????  ,??," Each room is divided into three compartments, each of which is large enough to accommodate three cubicles.",????????????????????????
entrance,n. ??  ,??, The south entrance needs a new passkey machine installed.,#??!
furnished,adj. ?????  ,??," A temporary solution would be to rent a furnished office, but it will be expensive.",??????????????????????????
garage,n. ??  ,??, The garage has space for thirty cars and two trucks.,???????????????
lobby,n. ?????  ,??," Given the large windows, the lobby should be right enough to make vistors feel comfortable.",#??!
shelf,n. (????)??  ,??, We will need to install shelves in each cubicle so that workers have some place to display personal items.,?????????????????????????????
staff lounge,n. ?????  ,??, Employees have asked for a refrigerator to be installed in the staff lounge.,???????????????
wing,n. ?????  ,??, The north wing will house the IT department and all it servers.,#??!
workplace,n. ????  ,??, Will we be able to maintain safety in a workplace this narrow? There's limited space between the walls and the robots.,??????????????????????????????????
adjacent,adj. ???  ,??, The adjacent building blocks most of the afternoon sunlight.,??????????????????
broad,adj. ??  ,??, The service road is broad enough so that our trucks will have no problem driving down it.,#??!
construction,n. ???  ,??," There are no large constructions nearby, so we anticipate no difficulties receiving satellite signals.",???????????????????????????
district,n. ??  ,??," Our new office is in a residential district, so it is expected there will be a lot of houses and schools there.",?????????????????????????
indoor,adj. ???  ,??," It's too dark, there's not enough indoor lighting in the warehouse.",#??!
location,n. ?????????  ,??, Rail and highway access is a key consideration when selecting a location for our new factory.,??????????????????????????
neighborhood,n. ????  ,??," The surrounging neighborhood is mostly apartments and convenience stores, with a couple of small parks.",???????????????????????
on-site,adj. ???????  ,??," Dangerous materials cannot be stored in on-site containers. Instead, they must be transported to a remote location.",#??!
patio,n. ?????  ,??, The patio is wide enough for three sets of tables and chairs.,??????????
railing,n. ???????????  ,??," To comply with safety regulations, every second-floor landing must have a railing.",?????????????????????
statue,n. ??  ,??, The mayor's office is considering putting up a statue of the town's founder at corner.,#??!
suburb,n. ??  ,??," Most surburbs have a large amount of residential housing, some small buisnesses catering to resident, and little to no industry.",???????????????????????????????
surround,v. ??  ,??, The city has ruled that all factories must be surrounded by a green zone not less than 10 meters wide.,?????????????????10???????
work on,??  ,??, Our recent environmental impact evaluation makes it clear we must work on reducing our emissions.,#??!
amenities,n. ????  ,??," These company dormitories have all the standard amenities of a mid-priced hotel, including Wi-Fi and cable TV.",??????????????????????Wi-Fi??????
basic,adj. ???????  ,??," The basic utilities, water and electricity, are included in the rental fee.",???????????????????
convenient,adj. ???  ,??, The location is convenient for anyone needing easy access to downtown.,#??!
electricity,n. ??  ,??, The power company has a buy-back scheme for local households with solar power systems generating excess electricity.,???????????????????????????????
energy,n. ??  ,??, The president is considering installing a geothermal energy system to heat the building.,?????????????????????
reduce,v. ?????  ,??, Is there any way to reduce our gas bill? It has gone beyond our budget for the third month in a row now.,#??!
stationery,n. ??  ,??," Given how much paper our office uses, we need to find a cheap stationeny supplier immediately.",?????????????????????????????????
utilities,n. ????(??????????)  ,??," Among the utilities we will need to hook up first, electricity and gas are the highest priority.",????????????????????????????
monitor,n. ???  ,??, The building has monitors for both the front and rear entrances.,#??!
lease,n. ????? v. ??  ,??, The cost of the lease is too high; it would've been cheaper if we had bought a space for long-term use.,??????;?????????????????????
mortgage,n. ????  ,??,"Before we consider taking out a mortgage, let's look into renting an office space.",???????????????????
stationary,adj. ???????  ,??," Actually, the interior walls are not stationary; they can be removed to create a large space.",#??!
tenant,n. ?????????  ,??," The previous tenants falied to do necessary maintenance, so the property needs a lots of cleaning and repairs.",?????????????????????????
trustee,n. ???  ,??," Since the original owner died, the property has been managed by a trustee.",??????????????????
borrow,v. ??  ,??, Can I borrow the book when you're finished.,#??!
extension,n. ???????  ,??, We haven't finished using the conference room--can we have an extension until 3p.m.?,?????????——???????????
rent,v. ?????  ,??," I'm looking for an apartment to rent, but I hope to buy a house soon.",?????????????????????
reserve,v. ?????  ,??, I'm going to reserve a van to take us to the company picnic.,#??!
belong,v. ??  ,??, Who does this tablet belong to?,????????
demolish,v. ?????  ,??, It can't be fixed. there is no other way but to demolish it.,???????????????????
dispose,v. ??  ,??, Where should I dispose of dead batteries?,#??!
renovate,v. ??  ,??," The apartment is shabby now, but imagine how it could be if we renovate it!",???????????????????????????
repair,v. ??  ,??, Do you know of a shop that repairs watches.,???????????????
occupy,v. ??  ,??, I'm afraid we're going to occupy the only meeting room all day.,#??!
share,v. ??,??,I share an office with Tom Smith.,????·???????????
as needed,phr. ?????,??,"We don't restock our stationery according to any schedule, just as needed.",????????????????????????
alternative,n. ???????,??,What you're suggesting isn't possible. Can you give me an alternative.,#??!
detailed,adj. ???,??,"I've never done this before, so please be as detailed as possible in your instruction.",?????????????????????
insufficient,adj. ????????,??,"I thought I'd be able to assemble this by my self, but the manual is completely insufficient.",????????????????????
once,adv. ?????,??,"Once you're fitted the bolt, slowly turn the gear.",#??!
periodically,adv. ????,??,Shake the can periodically so the paint doesn't settle.,??????????????
procedure,n. ????????,??,"It's such a simple procedure, I don't think I need to read the directions.",?????????????????????
secure,v. ?......??,??,"Secure the handle, then turn on the machine.",#??!
appliance,n. ????????,??,Our office appliances are so out-of-date.,??????????????
container,n. ??,??,Where's the container for paper clips.,??????????
contractor,n. ??????,??,No one here knows how to do a repair that complex. We'll have to hire a contractor.,#??!
device,n. ????????,??,"In an office with no pencils, a pencil sharpener is a useless device.",??????????????????????
directory,n. ???????,??,Could you check the personnel directory and find out how to contact each team member.,???????????????????????
equipment,n. ????????,??,I hope they're going to order some new printing equipment.,#??!
facility,n. (????????????????)?????,??,"If we want to produce things on such a huge scale, we're going to need a much bigger facility.",?????????????????????????
maintenance,n. ?????,??,We need a maintenance crew to come take a look at this leak in the kitchen.,????????????????
property,n. ??????,??,"We're not allow to take company property home, not even pens.",#??!
resource,n. ??,??,"You can't move the scanner into your office, it's a shared resource!",????????????????????
software,n. ????,??,We need to update our accounting software.,???????????
acquaint,v. ???????,??,You really should acquaint yourself with the machine before you need to use it urgently.,#??!
at all time,phr. ????,??,Please use caution at all time when operating the espresso machine.,??????????????
carefully,adv. ???,??,You have to add the cartridge very carefully or it'll jam.,???????????????????
follow,v. ?????,??,"If you don't follow the instructions, you might break something.",#??!
helpful,adj. ????,??,"If you don't bother to read the manual, you'll find it's very helpful.",??????????????????????
manual,n. ?????,??,Didn't the box contain a user's manual?,????????????
method,n. ??,??,"The manual say ""break down the machine"" but doesn't give us any method for doing that!",#??!
structure,n. ?????????,??,There's an office shelving structure in the instructions diagram that I can't identify.,?????????????????????
complete,v. ??,??,"Several employees have complained that evem though they completed the customer's data entry, they system didn't save it.",?????????????????????????????????
fill,v. ?????,??,The clients filled the remaining space with their e-mail addresses.,#??!
item,n. ??,??,Data entry forms should not have more than 10 items.,????????????10??
signature,n. ??,??,Every form must have space for three signatures.,???????????????
template,n. ??,??,Be sure to use the approved template whenever creating new expense reports.,#??!
approve,v. ????????,??,"Before your loan application can be approved, you need to provide proof of your assets.",???????????????????
deadline,n. ????,??,"The deadline is January 20, so make sure you finish the report no later than the 19th.",?????1?20????????19????????
reject,v. ?????,??,The most common reason for rejecting an application is completing the paperwork incorrectly.,?????????????????
rush,v. ???????,??,There is no way to rush the process without sacrificing quality.,?????????????????
submit,v. ?????,??,Fifteen candidates submitted applications for the assistant manager position.,?????????????????
appendix,n. ??,??,A user's manual without an appendix is not user-friendly.,??????????????
compile,v. ????????(???),??,Please compile a list of inactive customers with their home addresses and phone numbers.,???????????????????????????
divide,v. ????,??,Divide the page into three columns to make it easier to read.,???????????????
abnormal,adj. ???,??,The doctor found an abnormal result in the blood test.,?????????????
abort,v. ??,??,The pilot decided to abort the flight because of bad weather.,??????????????
acid,n. ?,??,Lemon juice contains a natural acid.,????????????
active,adj. ???????,??,She is very active in school activities.,????????????
add,v. ?????,??,Please add some sugar to the coffee.,?????????
adjust,v. ??,??,Please adjust the chair to a comfortable height.,?????????????
air shower,n. ????,??,Workers must pass through the air shower before entering the clean room.,????????????????????
alarm,n. ??,??,The fire alarm suddenly went off during the meeting.,??????????
alert,n. ??,??,The weather service issued a flood alert this morning.,#??!
align,v. ??,??,Please align the boxes neatly on the shelf.,??????????????
annually,adv. ???,??,The company holds a meeting annually.,#??!
area,n. ??,??,This area is reserved for employees only.,#??!
attach,v. ??,??,Please attach the file to your email.,??????????????
audit,v. ?????,??,The company will conduct an internal audit next month.,??????????????
automatic,adj. ???,??,The doors open automatically when someone approaches.,????????????
automotive,adj. ???,??,He works in the automotive industry.,?????????
available,adj. ?????????????,??,1. Is this meeting room available this afternoon? 2. These products are available online. 3. The manager is not available right now.,1. ?????????????2. ??????????3. ?????????
average,n. ??,??,The average score of the class was 85.,????????85??
backup,n. ?????,??,Always keep a backup of important files.,??????????
bank,n. ?? v. ??,??,1. I went to the bank to deposit some money. 2. She banks her salary every month.,#??!
basic,adj. ???,??,This is a basic English grammar rule.,??????????????
beam,n. ??,??,A beam of light came through the window.,???????????
benchmark,n. ?????,??,This product sets a new benchmark in the industry.,?????????????
bottle,n. ??,??,Please drink a bottle of water every day.,????????
bottom,n. ??,??,The keys are at the bottom of the bag.,????????
broken,adj. ???????,??,"My phone is broken, so I can’t use it.",?????????????
cancel,v. ??,??,The meeting was canceled due to heavy rain.,????????
card,n. ??,??,I used my credit card to pay for the meal.,??????????
cassette,n. ?????,??,The wafer are stored in a wafer cassette to avoid contamination.,?????????????????
center,n. ??,??,The meeting was held in the city center.,?????????
certify,v. ?????,??,The engineer certified that the machine was safe to use.,?????????????
change,v. ??,??,I want to change my job next year.,????????
chart,n. ??,??,The sales chart shows a steady increase.,?????????????
